"","V1.x","cust_id","cust_profit_percent","V1.y","promo_sensitivity"
"1",1,799924,0.601061659526281,1,0.58293649449024
"2",2,1889991,0.555646720669079,2,0.588101358042332
"3",3,2109544,0.653532687303215,3,0.637041070955347
"4",4,7629630,0.718447733064438,4,0.511526092151125
"5",5,7669833,0.645165623203663,5,0.539620977398004
"6",6,7739787,0.542864934141007,6,0.622744192078882
"7",7,8639635,0.590567451217762,7,0.730814730105245
"8",8,10329832,0.529129448942063,8,0.683979448756939
"9",9,11789884,0.614343041638551,9,0.708159648414415
"10",10,16739664,0.613607155944065,10,0.669192139037321
"11",11,16829885,0.571339838117886,11,0.655413136934589
"12",13,18539540,0.564835746106561,13,0.553068545334001
"13",14,18909750,0.653475381882302,14,0.662292154142883
"14",15,21159716,0.618175124538922,15,0.645976522543652
"15",16,21579922,0.630305876288118,16,0.727567025347362
"16",17,24179544,0.600162892324316,17,0.726392715105454
"17",18,26499927,0.503999708392866,18,0.632047259677528
"18",19,26769899,0.672413592301265,19,0.657809372146442
"19",20,27999642,0.669195271093113,20,0.573489795443183
"20",22,31879773,0.59362392730154,22,0.607913742323382
"21",23,37359574,0.629372704314805,23,0.727807266357852
"22",24,37449943,0.591427878384198,24,0.758603741279262
"23",26,38479729,0.588192846245109,26,0.572557737695755
"24",27,38959697,0.631719947514659,27,0.525666933867876
"25",28,41459822,0.571502732670654,28,0.642295398026628
"26",30,41709604,0.503041098218556,30,0.616316194685578
"27",31,41709665,0.562968382178661,31,0.569529213583859
"28",33,43769997,0.585855890113808,33,0.548335866097172
"29",35,47779590,0.618841917310584,35,0.664965077184771
"30",36,50759829,0.621504574262435,36,0.528152108112319
"31",37,51079908,0.64409920684687,37,0.578539080255659
"32",38,52039852,0.627965205406171,38,0.641752252126227
"33",41,55699764,0.627651147250927,41,0.516616801963711
"34",42,56659977,0.590396447496079,42,0.524337686942752
"35",43,56969964,0.63182648512428,43,0.584169582252483
"36",44,58159515,0.544514601901312,44,0.553930923833282
"37",45,59719949,0.588272046267206,45,0.786273202961184
"38",46,61279763,0.637377922425104,46,0.565551539496689
"39",47,62949989,0.590093917793659,47,0.615467344441932
"40",48,63039914,0.658257736268755,48,0.562542698891464
"41",49,64599801,0.615810083826364,49,0.597003979267439
"42",50,66789769,0.638061276832778,50,0.572299924032183
"43",51,68009981,0.539107934641213,51,0.61097893765969
"44",52,68299561,0.595722861759279,52,0.548377743467224
"45",53,72549599,0.60222217291942,53,0.535300760925887
"46",54,72729561,0.635944087225343,54,0.534002824983454
"47",55,74049890,0.611688136024683,55,0.606165600972205
"48",56,75339977,0.707289647550184,56,0.530724556327519
"49",58,78669634,0.636991253421667,58,0.623262841654352
"50",59,79309672,0.596743294791418,59,0.586320076734265
"51",60,80159622,0.553572795436076,60,0.521406381988692
"52",61,81519841,0.616174678385585,61,0.562140839658199
"53",62,81879929,0.634280653507696,62,0.709577072800524
"54",63,82639994,0.590448495278925,63,0.610582760965285
"55",65,84299911,0.624044749841579,65,0.647601924054995
"56",66,85149539,0.609190284935495,66,0.608857918649341
"57",67,87629985,0.66839804117274,67,0.744600226052013
"58",68,89729948,0.585780655104453,68,0.698916517552847
"59",70,91139797,0.639884869815641,70,0.647653952335586
"60",71,93379871,0.59487097081052,71,0.568095926459849
"61",72,93789936,0.630413933417818,72,0.853351528735217
"62",73,97879953,0.505701390837523,73,0.536549470158005
"63",74,99439924,0.73686585458175,74,0.773455181072995
"64",75,2029760,0.67565922248722,75,0.732488241791253
"65",76,3549558,0.573497679373544,76,0.528366359598744
"66",78,9089753,0.619081935557366,78,0.703228368691712
"67",79,10519992,0.672348840046018,79,0.660351018072418
"68",80,11879968,0.76814268212072,80,0.613757490688066
"69",81,13559676,0.65751261427438,81,0.578282544315168
"70",82,15310000,0.599619899636975,82,0.655050856803265
"71",83,15549888,0.701456414798104,83,0.639508625356399
"72",84,15819652,0.6191935731309,84,0.555177043136324
"73",85,15819895,0.587875320019577,85,0.775439886604471
"74",86,16329990,0.560473018600136,86,0.722606239430417
"75",87,20799654,0.569575355550797,87,0.691564135870494
"76",88,22179626,0.546439385918939,88,0.763844432699896
"77",90,23259899,0.787711492168383,90,0.694792484878751
"78",91,24679862,0.606057619737362,91,0.522905174358669
"79",93,30919926,0.566371424961217,93,0.568159814781033
"80",94,32289868,0.672864974129607,94,0.576857672322096
"81",95,34409978,0.578726586806913,95,0.611999594352968
"82",96,34549548,0.658078506310807,96,0.594653789704136
"83",97,35359972,0.645340229279782,97,0.525169091921181
"84",98,35699915,0.693740539128174,98,0.619318952611596
"85",99,36779796,0.626324333003417,99,0.649001110147327
"86",101,39139826,0.622050843963156,101,0.57055476720068
"87",102,40029833,0.67796086545916,102,0.579333795938002
"88",104,41979817,0.613623574900295,104,0.686829190389322
"89",107,45459951,0.583081304822074,107,0.643334934417542
"90",108,45849808,0.663881698713503,108,0.545256072321404
"91",109,46079888,0.66879889238766,109,0.548586067993253
"92",110,48819714,0.64128941217138,110,0.567582041696663
"93",111,49929918,0.65812686172547,111,0.5931291763303
"94",113,50939655,0.619434784845052,113,0.582405494609792
"95",114,51169803,0.568091066698146,114,0.70089131861184
"96",115,51289528,0.616975832193169,115,0.512265525152435
"97",116,53229603,0.620454620810696,116,0.650403959154702
"98",117,54369934,0.663812235872295,117,0.624626795888871
"99",119,55339615,0.633931126320036,119,0.59977966024937
"100",121,60719983,0.619040447134872,121,0.587639357565791
"101",122,61209544,0.618095650570605,122,0.562492988238721
"102",123,70599860,0.585138006695237,123,0.534629787612459
"103",124,71179887,0.65924780611386,124,0.50718137559001
"104",125,72659597,0.67493247996216,125,0.686198979351685
"105",126,73159973,0.572007904958577,126,0.689342089265193
"106",127,73669554,0.578850578643655,127,0.627685454810758
"107",128,74429670,0.601697954156942,128,0.627954317466327
"108",129,76079817,0.578593319701824,129,0.665591510353838
"109",130,77329638,0.590803548896214,130,0.818222780103194
"110",131,80089813,0.648982023032984,131,0.60087738821464
"111",132,80369908,0.594954240672393,132,0.669555084318396
"112",133,80519632,0.641096348242679,133,0.574599606810398
"113",134,81679574,0.676669258596366,134,0.68622550790774
"114",137,86709958,0.576851115105298,137,0.61122671395987
"115",140,89229558,0.636541448813035,140,0.663552701166826
"116",141,90189703,0.508647612020223,141,0.519186666850719
"117",142,90619678,0.616919042156716,142,0.559653696655916
"118",143,91669577,0.653187622190568,143,0.533534879134295
"119",144,92069832,0.66841737618391,144,0.552510076225163
"120",146,94389911,0.572782244869492,146,0.651346326316911
"121",149,99569634,0.656270638808028,149,0.653265369142704
"122",150,99899717,0.628494714470628,150,0.554874823043117
"123",151,329968,0.634156642184329,151,0.725436170120652
"124",152,1139738,0.651592440114952,152,0.578480543811124
"125",153,1279966,0.514057071203433,153,0.535579623520451
"126",156,21189832,0.560782605331387,156,0.701019504011728
"127",157,22119614,0.631473375098027,157,0.751672230611721
"128",159,23669979,0.567357641109407,159,0.54278868801414
"129",161,30699587,0.643191469961566,161,0.736190358137392
"130",162,31379599,0.53069557840244,162,0.668545105327452
"131",163,31419913,0.575607355967688,163,0.648521345933842
"132",164,34639975,0.554649644607515,164,0.699968419746606
"133",165,35489977,0.704437654947158,165,0.59408063548342
"134",166,37089659,0.567358193036903,166,0.595788968588253
"135",168,38669905,0.62959367942476,168,0.565184219937196
"136",171,44599687,0.586381175706942,171,0.520400469503056
"137",172,50939995,0.571533368407755,172,0.565782216593276
"138",173,51939992,0.635874416401206,173,0.635378871755823
"139",174,52189993,0.669590066196053,174,0.622498499318367
"140",175,54929978,0.61659164258012,175,0.695123409392487
"141",177,57399832,0.585584687451626,177,0.517148006947138
"142",179,60619555,0.663191271078154,179,0.650871074811075
"143",181,72759832,0.634371418298342,181,0.59745186904617
"144",182,75809949,0.564849501197775,182,0.570818182144775
"145",183,83589994,0.609314141223814,183,0.693917007473096
"146",184,85259753,0.596431506560671,184,0.559339202056572
"147",186,96279994,0.635098105619515,186,0.655290243639589
"148",187,96749681,0.612363085555719,187,0.641910339531852
"149",188,96779944,0.587160608708297,188,0.564174242008547
"150",189,550000,0.555562284220973,189,0.589324797388084
"151",191,6149849,0.655468511194355,191,0.530327631376362
"152",192,9489849,0.577812772727435,192,0.591814133510993
"153",193,10209992,0.583230129701707,193,0.561242555668139
"154",194,10669538,0.670849576443754,194,0.716378876502355
"155",197,15669814,0.633828271901086,197,0.587434135676175
"156",198,18869934,0.620045126954198,198,0.524645437545236
"157",199,19179512,0.581391099752197,199,0.502686500690633
"158",200,19909975,0.633845407861223,200,0.595726089847915
"159",202,31079522,0.637209851885206,202,0.63595259472188
"160",203,31529975,0.636010921768081,203,0.704154547453155
"161",206,49359922,0.658637206444498,206,0.668462161625282
"162",207,59709872,0.621447882283198,207,0.601280083610114
"163",208,61389597,0.653622552364362,208,0.569722828285198
"164",209,64299942,0.643357604561286,209,0.538037665191966
"165",210,64859710,0.521225674169906,210,0.590036374724355
"166",211,65289989,0.614722968702602,211,0.530178713077272
"167",213,70459591,0.607315570344576,213,0.743941811414248
"168",216,73129561,0.609378805538291,216,0.739297212941066
"169",217,73139771,0.562836225120963,217,0.722375990429357
"170",218,75269948,0.678426918111753,218,0.606185993764654
"171",220,80969585,0.591339918923971,220,0.502240721281891
"172",221,82919813,0.675029254660591,221,0.739857475741127
"173",223,85259620,0.55012102919491,223,0.703394563617019
"174",224,87479548,0.626646421114015,224,0.646601054346908
"175",225,88279616,0.606040850747681,225,0.706786884521005
"176",226,88439730,0.587654959850319,226,0.730784929243844
"177",227,89989551,0.644498611185481,227,0.61631477754099
"178",229,94309610,0.522729900264378,229,0.743877354106527
"179",230,95799566,0.663206194532281,230,0.604749530184957
"180",232,96829926,0.566093422484463,232,0.641055149648243
"181",233,98489918,0.613689780111511,233,0.650828260667238
"182",234,749556,0.525067860326839,234,0.879893010696368
"183",235,1459955,0.574117486260356,235,0.777154462518267
"184",236,2169803,0.582338797214986,236,0.63830951615988
"185",237,7569890,0.603228214217003,237,0.512486331420697
"186",238,11669833,0.539738867303463,238,0.788786100013701
"187",239,13129627,0.629471206572627,239,0.549278700227416
"188",241,14509826,0.676426862938863,241,0.579073855629616
"189",242,18569576,0.709340202327372,242,0.701740919854755
"190",243,18900000,0.560185167151243,243,0.520760243146664
"191",244,21889600,0.686726913895461,244,0.551076643119898
"192",248,26659928,0.605815289140876,248,0.591923450782614
"193",250,28549996,0.571168961539896,250,0.53380101200391
"194",251,29989562,0.58253636939022,251,0.698882308813277
"195",253,35119545,0.607164126549552,253,0.716458748236328
"196",254,36039996,0.61863512242315,254,0.695649020197352
"197",255,36829577,0.622992497041101,255,0.535420640763
"198",256,37259652,0.630413725451459,256,0.733693913446233
"199",259,42119554,0.591421189352113,259,0.590125761627594
"200",261,45609976,0.59740875423737,261,0.631678358837401
"201",262,45959960,0.71017864765748,262,0.642641543951543
"202",263,48419623,0.675904832235275,263,0.59428820514927
"203",264,48549830,0.576829918350422,264,0.650367722605134
"204",267,54939899,0.624493784541374,267,0.630206498032281
"205",268,56679912,0.59534454084494,268,0.65854730127099
"206",270,57549928,0.587502954453364,270,0.694044815242098
"207",271,59739753,0.557301133889828,271,0.721549095699365
"208",272,60879854,0.567758838013337,272,0.584583159312124
"209",274,65139945,0.60898720763201,274,0.517099563455101
"210",275,66019821,0.587951004224254,275,0.579323423937017
"211",276,67459546,0.641932914548422,276,0.715298846162277
"212",277,71669903,0.657968145810952,277,0.605870602628885
"213",278,71819885,0.594579727520514,278,0.594589307374761
"214",279,74559817,0.736268926381275,279,0.526967053922281
"215",281,78669648,0.671387060663374,281,0.522224404829638
"216",282,78789986,0.557072288410332,282,0.637626627567197
"217",283,81149779,0.61972340107161,283,0.602828117614605
"218",284,81239800,0.633523761035476,284,0.572321915570616
"219",285,81719591,0.64504335807005,285,0.502081764678603
"220",287,82639687,0.602119919937641,287,0.611716369541139
"221",288,83579610,0.632399226491487,288,0.682237169466952
"222",289,83889926,0.535547355973041,289,0.637413153962402
"223",290,85909521,0.600310579302918,290,0.703255915145945
"224",292,87609904,0.670287810727099,292,0.52302951312631
"225",295,92969652,0.622014343456174,295,0.553207186309879
"226",296,93979814,0.657233170435306,296,0.5369206678909
"227",298,97149803,0.594089592570629,298,0.590599365970093
"228",299,97729819,0.530760674626026,299,0.54821608479119
"229",300,1179795,0.644025300547875,300,0.577589518078443
"230",301,2269534,0.658397589779915,301,0.669064559015062
"231",302,5069807,0.636274519192955,302,0.679133749753157
"232",303,7529982,0.603088459286422,303,0.72911018853869
"233",304,10229526,0.588402454008755,304,0.571797402829555
"234",306,10569925,0.573331494461351,306,0.669718686228421
"235",309,12949792,0.669877415470698,309,0.645192636146031
"236",310,13689850,0.62484595202417,310,0.666940139771687
"237",311,15399932,0.610878663921748,311,0.729000405680211
"238",312,15659552,0.587088518379284,312,0.541965471779951
"239",313,17329573,0.649305125626927,313,0.514115590295151
"240",315,18609600,0.586921953186662,315,0.617302915319289
"241",316,20429899,0.586989434390354,316,0.510993821259386
"242",317,23319645,0.712885892948037,317,0.635140223705595
"243",318,23319833,0.62804830230805,318,0.752915183664927
"244",319,23339994,0.584753221753206,319,0.65425003354039
"245",320,23929953,0.604066327869596,320,0.517135870162412
"246",322,25399559,0.663700945400042,322,0.611931557527385
"247",323,25509648,0.656335617258187,323,0.70676732510828
"248",324,27009537,0.579283794606752,324,0.546410488401829
"249",326,31929809,0.530039350074307,326,0.537841494608086
"250",327,32779934,0.594218406992222,327,0.658244282293626
"251",328,33269822,0.555178711087594,328,0.583697591888173
"252",329,35019716,0.640123078402759,329,0.654361861317705
"253",330,39729982,0.604645847117291,330,0.734834971239008
"254",331,39769980,0.620359698859681,331,0.561779537159641
"255",333,44629969,0.712048730892705,333,0.537372907302741
"256",334,45649777,0.540850983441368,334,0.547741741880724
"257",335,45729762,0.525083215500515,335,0.664128690190216
"258",336,46109997,0.62762099095269,336,0.62312292770182
"259",337,46539981,0.650840472301794,337,0.613235972878717
"260",338,48109806,0.562352034505238,338,0.540693726652207
"261",339,49929593,0.573572066860978,339,0.730274244544082
"262",340,50199580,0.599458224140488,340,0.612961651070913
"263",341,52309908,0.608696913225494,341,0.623345869105001
"264",342,52499843,0.555641585185951,342,0.609300397172019
"265",343,52909570,0.591639019981063,343,0.755776111143531
"266",344,53249609,0.573071041174713,344,0.575722914837253
"267",345,53529975,0.628215127571611,345,0.635945947435542
"268",346,58199923,0.661153184773602,346,0.563356959855435
"269",348,63019938,0.587092547657887,348,0.773432732791709
"270",349,63049872,0.615518692406457,349,0.595310016222517
"271",350,66239536,0.644239237876865,350,0.648093176948937
"272",351,68169950,0.609221740190358,351,0.640373554582368
"273",352,71509893,0.658902226090019,352,0.52749255975115
"274",353,72399600,0.644340925852742,353,0.529165315913183
"275",354,72629858,0.620237697796184,354,0.673488375889932
"276",357,79819893,0.611797784360791,357,0.607992027278143
"277",358,80179655,0.60700786967219,358,0.598466444436352
"278",359,82459905,0.584202771756035,359,0.514336725844505
"279",360,83149812,0.672075032192367,360,0.652678842728835
"280",361,83919699,0.624060307805029,361,0.541456572454647
"281",362,84079807,0.623233953920924,362,0.513808940984588
"282",363,84659856,0.64085048713083,363,0.697330698713276
"283",365,85019945,0.666788636773169,365,0.590389574667047
"284",366,85419731,0.603176012257286,366,0.648424978629618
"285",367,87489993,0.654050566395827,367,0.717828866146367
"286",368,88019604,0.624052356140604,368,0.570562581224992
"287",369,91169716,0.566446710705802,369,0.599889016130354
"288",372,94499650,0.603873108419891,372,0.565730750036008
"289",373,94999586,0.611492511664135,373,0.506071807507845
"290",374,96679586,0.600496666682549,374,0.57751687536653
"291",375,99119952,0.623549280918475,375,0.592408536258437
"292",376,99229897,0.546302132378805,376,0.730300850861547
"293",377,2209804,0.567470423829809,377,0.510865446221218
"294",378,2629968,0.591433728160395,378,0.574474123457251
"295",380,3189829,0.66486068358242,380,0.63208462502622
"296",381,3689897,0.637443857681044,381,0.650410819423535
"297",382,4139823,0.623403126211987,382,0.728359265715051
"298",384,4899809,0.629099430599355,384,0.65549415877976
"299",385,5019544,0.666337586895591,385,0.705177441688087
"300",386,5929637,0.626188518717206,386,0.528194354869133
"301",387,6599812,0.537665545489384,387,0.585922439395874
"302",388,7119528,0.57482912113309,388,0.667026162561341
"303",389,7249820,0.70715581510436,389,0.508095628822233
"304",390,8329796,0.761103071929019,390,0.606020357094609
"305",391,9019954,0.628826029118156,391,0.655148140517133
"306",392,9939955,0.650699209677343,392,0.719300582461403
"307",393,10769796,0.714174726787934,393,0.549032596527265
"308",395,11019926,0.513924633171545,395,0.674966940452816
"309",397,14649887,0.593698895475416,397,0.601714158889815
"310",398,14749832,0.510422564531801,398,0.618287600823864
"311",399,15259989,0.666334571680442,399,0.730235502458476
"312",400,15759884,0.578037166690704,400,0.660020599762798
"313",401,16269610,0.629715090006763,401,0.641644255259859
"314",402,16359924,0.593512021681239,402,0.584499767497241
"315",403,16869990,0.660355356146499,403,0.533368551220105
"316",404,16909799,0.678921699834868,404,0.714687176044558
"317",405,17219697,0.648281330662582,405,0.65527378761511
"318",406,17459925,0.546443684763855,406,0.754295710096891
"319",407,17829579,0.603030019360893,407,0.788130679236193
"320",408,17849812,0.654236586705001,408,0.717036034407988
"321",409,17919811,0.638257562820658,409,0.547693858234238
"322",410,18219749,0.59778256176472,410,0.665888841385329
"323",412,19789898,0.622269987709221,412,0.644944066742912
"324",413,20379814,0.716677030067608,413,0.516778092060568
"325",415,21429902,0.615677251217234,415,0.616880822053453
"326",416,22029987,0.564412228489778,416,0.564961406488325
"327",417,22129546,0.635425199034507,417,0.538157707759967
"328",419,24069956,0.600223295459996,419,0.523879807189139
"329",420,25069822,0.521904667301914,420,0.586362267538779
"330",421,25179810,0.618773924500044,421,0.549609974951835
"331",422,25439651,0.555814691231866,422,0.570147822501834
"332",423,25899797,0.642271234391441,423,0.755918473278373
"333",424,26949543,0.626740759554317,424,0.584744777436513
"334",426,28499876,0.611010899204149,426,0.52626137473917
"335",427,28779832,0.634983341468142,427,0.690669084352248
"336",430,32539994,0.621718852915847,430,0.615301167106401
"337",432,33249934,0.579682759421553,432,0.649847082961442
"338",433,33289930,0.597756361366455,433,0.629551174066914
"339",434,33989662,0.661528140482868,434,0.727956022638102
"340",435,34629641,0.537746174797091,435,0.565097403748824
"341",436,35199715,0.572524911737953,436,0.522067113509496
"342",437,37099551,0.61730636962635,437,0.730543315017657
"343",438,38199808,0.650778463319928,438,0.60809006503117
"344",439,38269966,0.581981642499448,439,0.819257917999533
"345",440,38369823,0.609775735299646,440,0.637508624761591
"346",441,40239915,0.55912741314128,441,0.579500286456735
"347",443,40549931,0.651234900040346,443,0.589063026193874
"348",444,41739754,0.576110154184207,444,0.599179969719882
"349",446,43509764,0.588499341219375,446,0.509026294132808
"350",447,44009605,0.595684080676984,447,0.599665742929307
"351",448,44379899,0.595818268231788,448,0.730199759610064
"352",449,44769894,0.542336845537988,449,0.771833311158988
"353",450,45559604,0.577669171557369,450,0.612519799221524
"354",451,46079514,0.589533726576714,451,0.525949993463588
"355",452,46249668,0.556759516854026,452,0.673858703798166
"356",453,46539873,0.583086850145201,453,0.592492893498732
"357",454,47739935,0.583864546982498,454,0.61026272988276
"358",455,48929881,0.51859574301794,455,0.503890099475054
"359",456,49709559,0.584274976978032,456,0.7359103087148
"360",457,49969707,0.569023526830686,457,0.669168605523514
"361",458,50759569,0.577564047692797,458,0.656117692233526
"362",459,52589819,0.625007154216028,459,0.557920471038979
"363",460,52829828,0.63425324474337,460,0.546783127648924
"364",461,53629714,0.69937160247745,461,0.639348021574137
"365",462,54079758,0.650842518002043,462,0.50329774112871
"366",463,54489828,0.656259230349929,463,0.558656638591261
"367",464,55259950,0.576862063961592,464,0.55364961836045
"368",465,55289819,0.675941195179846,465,0.637318149077735
"369",466,56629813,0.653178811476825,466,0.671004739821535
"370",467,56669670,0.65976631351716,467,0.563468015440292
"371",468,56679721,0.703007391595637,468,0.632249435805334
"372",469,56929728,0.700127341433518,469,0.63126847647331
"373",470,57449541,0.558981252122792,470,0.64022634978522
"374",471,57779734,0.598263499484255,471,0.536273381055061
"375",472,59389751,0.634566346290816,472,0.545523170414296
"376",473,59639676,0.518350294356435,473,0.592362084597584
"377",474,60559643,0.588463540915666,474,0.655959727693853
"378",475,60749938,0.544834238639446,475,0.635043728964007
"379",476,60769795,0.61233814746744,476,0.646068102526215
"380",479,62129717,0.584162946644,479,0.524118093395151
"381",482,63649948,0.670627031514746,482,0.584434161307021
"382",483,63809842,0.618647071603395,483,0.774670486050207
"383",484,66569958,0.624596490150199,484,0.692730709779002
"384",486,67089984,0.599141593953285,486,0.675278068589638
"385",488,68479723,0.63566117527441,488,0.649197723203141
"386",490,70309838,0.653390769233173,490,0.601273939613585
"387",492,71809833,0.658592239476468,492,0.620136457217325
"388",493,71909986,0.588099155063527,493,0.531226789668716
"389",494,72279819,0.662376493358387,494,0.555526305374843
"390",495,72369948,0.660151318110706,495,0.620300105765322
"391",496,72379577,0.608331213076111,496,0.509603670702384
"392",497,72799724,0.560580980464069,497,0.65642655878462
"393",499,73119924,0.629554840231665,499,0.660808328074729
"394",500,73139910,0.623452845139944,500,0.546429306659545
"395",501,73189683,0.678318702661174,501,0.566784682906425
"396",502,73189903,0.667568853233566,502,0.635647129087552
"397",503,73249656,0.61621508679891,503,0.679903166814623
"398",504,73259941,0.620713708514242,504,0.663752567471996
"399",506,73559939,0.540644077950664,506,0.671537405325798
"400",507,73569895,0.602949995247927,507,0.738728568293535
"401",508,75129816,0.620526552827418,508,0.704932051430981
"402",509,75669812,0.69160884020421,509,0.675383535941246
"403",512,75979969,0.599132102798894,512,0.637739034218339
"404",513,76279966,0.554880511732049,513,0.757252854672066
"405",514,76579825,0.630196087479424,514,0.683435445500533
"406",515,76959946,0.611038750577653,515,0.543467287926943
"407",516,77259975,0.599638167040019,516,0.541793245863711
"408",518,77879866,0.648732314792778,518,0.569392607006707
"409",519,78839724,0.529328844882974,519,0.642273134574605
"410",520,78989819,0.605799653716522,520,0.575250981258708
"411",521,79259680,0.635342142373592,521,0.563550844023879
"412",523,79799813,0.56294042555634,523,0.63561588297916
"413",525,80209969,0.657436589255076,525,0.518471790255212
"414",526,80439521,0.664944237658656,526,0.644825801176492
"415",527,81749948,0.684541105018098,527,0.589128422835641
"416",528,82569822,0.657235254070937,528,0.65282835332078
"417",531,86219926,0.574491731927228,531,0.603751614212123
"418",533,86799985,0.619736464357568,533,0.64903014990632
"419",534,87739997,0.606773008715855,534,0.603164952083994
"420",535,87959993,0.672946247211976,535,0.715477474929216
"421",541,92809817,0.527005183861316,541,0.545446728915474
"422",542,92869591,0.565443149603794,542,0.575263550066203
"423",543,95389989,0.654577787995141,543,0.51453626465824
"424",544,95489949,0.590978153196479,544,0.525313443647477
"425",545,96349924,0.561833492681752,545,0.656054385953793
"426",546,96559580,0.596696864821163,546,0.690214327814483
"427",547,96779824,0.608861127011619,547,0.567196856504452
"428",548,98469905,0.620541215467642,548,0.55106388996165
"429",549,98629946,0.552019046285505,549,0.571716434650177
"430",550,98629985,0.60888818225017,550,0.628074678500248
"431",551,99699822,0.592108213149269,551,0.676833292947368
"432",552,1589813,0.595601402350896,552,0.606617044290315
"433",553,3239920,0.581223914059291,553,0.543936454855435
"434",554,4219822,0.63210485940463,554,0.597348636166608
"435",555,4759939,0.590713140947027,555,0.705738333713855
"436",556,5209899,0.608966344791979,556,0.525307573041159
"437",558,7109918,0.592785811997307,558,0.564494704726128
"438",560,7500000,0.601247714842346,560,0.65475410827498
"439",561,7519976,0.563763994513034,561,0.66287963594928
"440",562,7989981,0.591353673908303,562,0.720094361740116
"441",563,8489894,0.604561532655684,563,0.652273321737178
"442",565,10119936,0.632868916616524,565,0.533931913967307
"443",566,12189899,0.64289769544082,566,0.703235777715364
"444",568,13189706,0.652197356310672,568,0.546067818565982
"445",569,13669829,0.588495405851503,569,0.755508430146847
"446",570,13929537,0.659557890222951,570,0.599771007681684
"447",574,17189675,0.575832423620451,574,0.506167435695894
"448",575,19339540,0.587760995590538,575,0.658063224573337
"449",577,21489560,0.658751555554708,577,0.647658668423036
"450",578,21619611,0.609539604870948,578,0.704226214994203
"451",579,25579896,0.5468765956188,579,0.572590536195022
"452",580,26739689,0.715300900493178,580,0.571620435486399
"453",581,29779920,0.552312934679419,581,0.659919907238601
"454",582,30919566,0.66588190951213,582,0.66319034498935
"455",583,31429680,0.620507125748741,583,0.690450938119436
"456",584,32439773,0.667310917839774,584,0.569495173417923
"457",585,33029710,0.613718767795671,585,0.54594847898439
"458",586,33119644,0.632758915602571,586,0.658323725785395
"459",587,34179982,0.524392979730583,587,0.731317101693939
"460",588,34609961,0.527795366792561,588,0.734289130808823
"461",589,35239958,0.604375080234935,589,0.781789556107754
"462",590,35909909,0.679306405554034,590,0.768923957972066
"463",591,37079576,0.612107727754664,591,0.573915077489168
"464",592,38209579,0.576613289141648,592,0.681743041646768
"465",593,38339836,0.721730773861839,593,0.643516533942753
"466",594,38539649,0.648867158472728,594,0.597980697973141
"467",596,39499797,0.601429751761989,596,0.6776641695076
"468",598,41889912,0.550379417813526,598,0.63376807563837
"469",599,44969803,0.636119810751105,599,0.620044069977729
"470",600,45729602,0.666320209966962,600,0.551365671474258
"471",601,46069693,0.741414198076645,601,0.540452589774293
"472",602,46169874,0.606473451294708,602,0.654211134376703
"473",603,47889961,0.66714278407071,603,0.597740701988261
"474",604,48909989,0.585439097867415,604,0.553483240853754
"475",605,49829757,0.678926106953701,605,0.538370715116254
"476",606,52109908,0.61629065372533,606,0.610133831058793
"477",607,53229965,0.660977741283638,607,0.699974901092248
"478",610,54969865,0.616337875197065,610,0.690323535776517
"479",612,59089608,0.648342338789824,612,0.764447877087828
"480",613,59359786,0.563058330259179,613,0.551347089675645
"481",614,59769826,0.634714414486777,614,0.679528565361075
"482",615,60009847,0.66241817581309,615,0.517306185671774
"483",616,63139548,0.636336513611012,616,0.691973862811204
"484",617,64069935,0.553565908621716,617,0.585469051091213
"485",618,64099775,0.619041840318852,618,0.500149531556643
"486",619,64609833,0.602448908642434,619,0.69074543344626
"487",620,64829730,0.665516833838165,620,0.517826532866721
"488",622,65489581,0.558599432988837,622,0.680889747261865
"489",623,65719947,0.505194464184257,623,0.700004277418157
"490",624,66219731,0.548140113396425,624,0.583620792054007
"491",625,66239864,0.551962997601898,625,0.690919144213446
"492",626,66959841,0.582920000005453,626,0.596424451305843
"493",629,67559548,0.515522937914501,629,0.563602135964967
"494",632,71149962,0.559749648584921,632,0.623418964325847
"495",633,72999968,0.658313343658468,633,0.648737115546527
"496",634,73049516,0.565387271136541,634,0.562043164076146
"497",635,73069709,0.61488228272835,635,0.542835287799033
"498",638,74789979,0.567922866195356,638,0.59531678837609
"499",639,75239975,0.544346413587688,639,0.553030045394399
"500",640,75319661,0.656770162139996,640,0.564845553348992
"501",641,75719956,0.630745891365024,641,0.664510705125413
"502",642,76579556,0.565153575765732,642,0.61593772899971
"503",644,78039536,0.628483529191706,644,0.632287426702126
"504",645,78669628,0.671725032995979,645,0.532304957674956
"505",646,79809829,0.623164495340342,646,0.713977279825587
"506",647,80039814,0.64135826474363,647,0.694289455931988
"507",649,80569915,0.663946762605605,649,0.682719706082866
"508",650,81269578,0.638282652053868,650,0.627906762404896
"509",651,82719851,0.648903833475627,651,0.522572002452883
"510",652,83779599,0.643397646828588,652,0.513414555091501
"511",653,84509815,0.562555943560982,653,0.794476057399907
"512",654,85739994,0.609090505667499,654,0.772916030812329
"513",655,88589894,0.653582148606821,655,0.577870855105302
"514",656,88959959,0.657368057215163,656,0.691860133017894
"515",658,89929931,0.5985135791736,658,0.605713989358751
"516",660,90599963,0.636260318148598,660,0.602966486332987
"517",661,90959548,0.619444442491819,661,0.519167498220416
"518",663,92039545,0.592940418854581,663,0.692671206014266
"519",664,92039648,0.659599183597646,664,0.554646159910866
"520",666,92609582,0.580459422776669,666,0.500151131112136
"521",667,92949974,0.635486883424599,667,0.547463751432815
"522",668,93439979,0.663400097407525,668,0.679124403148434
"523",669,94049559,0.672993839834168,669,0.647948563284886
"524",671,95179832,0.628800375391391,671,0.674678338278549
"525",672,95959691,0.679449206044376,672,0.603457490102742
"526",673,99519944,0.649312363835946,673,0.686213051814775
"527",674,769883,0.69471157758229,674,0.56670181131867
"528",675,2049977,0.526611268639217,675,0.609633406467479
"529",676,9969956,0.64983224578803,676,0.685997371637232
"530",677,15059832,0.551954124932554,677,0.545886971903937
"531",680,22939921,0.617131235810273,680,0.527407327536637
"532",681,24149601,0.576490314129057,681,0.581886308490542
"533",682,25429594,0.680823257270071,682,0.629841257753978
"534",683,26059833,0.594390452639349,683,0.535815023262303
"535",684,26289768,0.551487454449405,684,0.649468837535238
"536",685,26329982,0.572365216186334,685,0.55830631419924
"537",687,29819913,0.580730254093665,687,0.625190309276037
"538",688,32679614,0.562418415314037,688,0.702835685395237
"539",689,36339672,0.523318998542699,689,0.553577249026365
"540",690,37489965,0.543350047556094,690,0.585454606391035
"541",692,48739827,0.582214825278506,692,0.523632178217822
"542",693,51499926,0.581853887963353,693,0.527036150705649
"543",694,53849651,0.614807515197116,694,0.602199471660641
"544",695,54279893,0.689639119630927,695,0.806034906534988
"545",696,57669579,0.602998597507765,696,0.618110327961383
"546",697,64119580,0.659510902138446,697,0.552285564372234
"547",698,68149871,0.585912355871989,698,0.744819144728694
"548",699,68839813,0.660353015572717,699,0.65619646325103
"549",700,69919596,0.58833720167448,700,0.759482998287911
"550",701,70679598,0.627555738274739,701,0.597802379338677
"551",703,74699977,0.65838524394528,703,0.600826954239974
"552",704,79139995,0.614300273457311,704,0.63380474353856
"553",705,85769568,0.632427138294302,705,0.582074207000878
"554",706,86189590,0.653151942943392,706,0.705855041835467
"555",707,89359731,0.651955761527257,707,0.617783302938186
"556",708,89399823,0.553578365360059,708,0.580429742408024
"557",709,91219977,0.575885234428799,709,0.624544560139261
"558",711,94339923,0.628844533383042,711,0.675353648625886
"559",712,99569937,0.633868001940449,712,0.595813193106271
"560",713,559804,0.604406109524885,713,0.704620218548767
"561",714,5089853,0.530596422414318,714,0.518205138851255
"562",716,7299831,0.689226337302871,716,0.557549021712439
"563",718,9169797,0.643911247444372,718,0.614777720993011
"564",719,10749600,0.593119174626694,719,0.559536417880856
"565",720,12389800,0.625795677740676,720,0.6146789027275
"566",721,15009613,0.631788214639132,721,0.518118683820732
"567",725,18069947,0.540067842630498,725,0.560389069371422
"568",726,19119914,0.595622484974383,726,0.603160330212686
"569",728,22929627,0.653597586591111,728,0.643564659821473
"570",729,24039560,0.54098868515732,729,0.617797258311376
"571",730,27799769,0.682501197369703,730,0.646132206720595
"572",731,31039819,0.563674821438993,731,0.594005901353568
"573",732,32239659,0.609381917178553,732,0.721031794431576
"574",733,34629733,0.594405822518462,733,0.516666266188737
"575",734,34709739,0.577638064031285,734,0.690301363989178
"576",735,36269591,0.546394753703799,735,0.528422533641439
"577",736,37169928,0.640616164912881,736,0.667983238596135
"578",737,40169835,0.515674001760291,737,0.645461780769212
"579",739,41469905,0.548969911686456,739,0.577865143800406
"580",742,44709994,0.597494769168984,742,0.61047705699023
"581",743,46159619,0.602687858827746,743,0.577820963798721
"582",744,47389671,0.670148350001817,744,0.683391437199171
"583",745,48339829,0.65845099074633,745,0.711084015883641
"584",747,50389832,0.590034617702441,747,0.658998855047381
"585",748,50509899,0.535623773923852,748,0.648930570546076
"586",750,56009954,0.620658205349577,750,0.634155997840213
"587",751,56779976,0.669550586280935,751,0.614201865945701
"588",752,58989946,0.736169179355723,752,0.548739368825961
"589",753,60609935,0.5616764523209,753,0.529186356922347
"590",754,62019817,0.640566192530085,754,0.742404052746228
"591",755,63579822,0.592588848432591,755,0.642948658134201
"592",756,63929565,0.797056577893007,756,0.8198753469736
"593",757,65289953,0.586061905744262,757,0.737771145706434
"594",758,65949616,0.67384185423105,758,0.543284789152842
"595",760,67829997,0.518545719754765,760,0.682002044713715
"596",762,70319955,0.635625214046686,762,0.58621583322903
"597",763,71269983,0.543665210657727,763,0.607401254847291
"598",765,74909637,0.63987001789224,765,0.633826822176192
"599",766,75689897,0.57068170050973,766,0.672430205824062
"600",767,76429997,0.648884205021973,767,0.674058041359265
"601",768,80069965,0.651465013481854,768,0.623012951660427
"602",769,81159947,0.612253415541514,769,0.701906607110216
"603",770,81309650,0.617305982346796,770,0.700186872991845
"604",771,82309982,0.673826911923063,771,0.615571178709779
"605",772,82399950,0.520206373914006,772,0.512968665950986
"606",773,84289802,0.547004609947672,773,0.585693181307052
"607",774,87219981,0.547978489663366,774,0.577475317602849
"608",776,88689910,0.530627900847908,776,0.535024250958334
"609",777,89129663,0.608675685065976,777,0.62449309953377
"610",778,90999657,0.654382151651806,778,0.625987280170499
"611",779,92159812,0.701367276566353,779,0.571794756676038
"612",780,92889644,0.658038693966589,780,0.524822324019629
"613",782,93929673,0.614528151013182,782,0.509581546175892
"614",784,3299585,0.669620478994932,784,0.546253880379375
"615",785,4139886,0.686249382811953,785,0.691611139416492
"616",787,10679950,0.612047571035076,787,0.537779271752709
"617",788,12299631,0.666415760206861,788,0.649323555700495
"618",790,14259755,0.606932511605544,790,0.651811529759344
"619",791,15499629,0.559971446950332,791,0.712138866196439
"620",792,17329814,0.657757866979506,792,0.605121322348148
"621",794,19879521,0.661021092897618,794,0.504690564033628
"622",796,21319608,0.590051687920383,796,0.500466435970338
"623",798,24939852,0.594971109938493,798,0.579085280207352
"624",800,28149981,0.582636030673201,800,0.758825301776033
"625",801,30769971,0.661500849761756,801,0.720412440295101
"626",802,32469998,0.672694803468874,802,0.610781124905936
"627",804,32929755,0.595120169821673,804,0.705145965023128
"628",805,34409832,0.732893129090127,805,0.513920361693447
"629",806,36139969,0.633660673986204,806,0.62469125248643
"630",807,37889608,0.554256148262218,807,0.687192110400807
"631",808,40439944,0.521604810649031,808,0.608309594002868
"632",809,42609554,0.641567953333102,809,0.507037508359671
"633",811,43209587,0.639961033383709,811,0.635386955228777
"634",812,44029996,0.626172128812077,812,0.521261167079283
"635",813,44159991,0.567348003871699,813,0.65352928892266
"636",815,47519827,0.635659727828025,815,0.701322450750291
"637",816,48119832,0.743061464784866,816,0.517503023851965
"638",818,55469918,0.618795643316897,818,0.682804305330156
"639",819,56209977,0.619911991179138,819,0.625182499264937
"640",820,59599598,0.516839731469092,820,0.519762214597852
"641",821,59649884,0.621343537310039,821,0.675199503207794
"642",822,63369805,0.570408750040581,822,0.588597058034598
"643",824,69679884,0.683948016427282,824,0.539179694688798
"644",827,75469954,0.536307238391887,827,0.627359178073837
"645",829,80169689,0.60588166236752,829,0.543514058164633
"646",831,81429816,0.604492284478148,831,0.622638808142071
"647",832,85949697,0.619510801701446,832,0.569413989176101
"648",834,87839536,0.595189861259336,834,0.528582176793906
"649",835,87969985,0.673436607427002,835,0.606699974665957
"650",836,91399816,0.523025964527107,836,0.611710567107251
"651",837,93069776,0.600996788512308,837,0.629495549630861
"652",838,93529776,0.678652192100606,838,0.578703526102548
"653",839,93899938,0.566634965728497,839,0.549323643766763
"654",841,3489829,0.593528973134848,841,0.550763104583225
"655",842,11769881,0.568324923395886,842,0.550718630919733
"656",843,14079512,0.705412000865386,843,0.578591881147777
"657",846,18229557,0.657566895934734,846,0.689366582964448
"658",847,19609746,0.625466352087144,847,0.527983903629755
"659",848,25619583,0.635983404834043,848,0.557888742385715
"660",849,26039563,0.533707797971852,849,0.699392308738668
"661",850,26159683,0.654958571544192,850,0.786351887318957
"662",851,29089643,0.636127475596368,851,0.607185662616335
"663",852,31889833,0.667171257636306,852,0.75122745044221
"664",853,39929975,0.613733646873848,853,0.698070299685908
"665",854,45089974,0.608711701866342,854,0.675770982061718
"666",855,45519981,0.619024055094747,855,0.530479844023722
"667",856,54199733,0.633651560044555,856,0.524078318933553
"668",857,54459976,0.580668386669986,857,0.54629800871625
"669",858,59499720,0.613601872684592,858,0.657473650339542
"670",859,62139531,0.641058214084845,859,0.646241659797195
"671",860,70019570,0.511625509708785,860,0.633754348335703
"672",861,78619916,0.690522783203808,861,0.532898840661688
"673",862,79999656,0.564386398786522,862,0.559167621304069
"674",864,83519590,0.586729133986041,864,0.68263019293397
"675",865,84439900,0.610714658042885,865,0.595236590305568
"676",866,93349625,0.624289595234942,866,0.681560673723319
"677",867,93819972,0.669204386536613,867,0.518162314113435
"678",868,96509803,0.659193482887631,868,0.773781722967076
"679",869,97339976,0.555369207436066,869,0.629001721519937
"680",870,39856,0.720958305682221,870,0.683879936525173
"681",871,1539803,0.673103432578356,871,0.690821459050363
"682",872,1979644,0.675281838203133,872,0.622638962161236
"683",873,2589576,0.558359807737814,873,0.6521372339975
"684",874,3239931,0.637552662321224,874,0.574022166005782
"685",875,3409832,0.639977802122013,875,0.762922483656071
"686",876,3509691,0.606117196226698,876,0.534279849120555
"687",877,3979821,0.617976284738771,877,0.582744604123995
"688",879,4459951,0.596587291588508,879,0.701677332852288
"689",880,5039834,0.509464148533536,880,0.553003268488405
"690",881,5059954,0.506131110367107,881,0.644785070093848
"691",882,5749887,0.627343983574634,882,0.684717856611909
"692",883,6139888,0.598006132013959,883,0.716395044543865
"693",886,6909998,0.661810514690728,886,0.5209447129361
"694",887,7879516,0.654545899339468,887,0.553295826305473
"695",889,8279980,0.655426865871024,889,0.504874672815566
"696",891,10119835,0.528865857050625,891,0.731971448714268
"697",893,11609822,0.62678004702941,893,0.612112593456371
"698",894,12709994,0.644232585415184,894,0.523588697917227
"699",895,14179738,0.710105185956146,895,0.651852915947624
"700",897,15109873,0.636357587438855,897,0.594580200401257
"701",898,15529995,0.609537769694539,898,0.545294620918346
"702",899,16249638,0.640043772568763,899,0.692193102626553
"703",900,16339676,0.651004118860447,900,0.598076829127011
"704",901,16779934,0.646465697979193,901,0.514666100951521
"705",902,16879828,0.665614252786664,902,0.57461480285881
"706",904,17929584,0.652216753106779,904,0.511945351020401
"707",907,19849674,0.681237462019756,907,0.647154883575476
"708",908,21729808,0.689268524319424,908,0.552015137379124
"709",910,22849582,0.556093265370078,910,0.705842955912226
"710",911,23649756,0.585316714608834,911,0.552359301414669
"711",912,24039818,0.681169940241162,912,0.647167460829559
"712",913,24589655,0.515220947510206,913,0.538286423675035
"713",914,24719817,0.661970094207048,914,0.554081058279714
"714",915,25249953,0.576480798083599,915,0.59981922951652
"715",916,25669531,0.638828914195712,916,0.575701015581856
"716",917,26019953,0.633312562841507,917,0.528391088940408
"717",918,26159689,0.665131912136168,918,0.70359553094305
"718",919,27379831,0.551476953612199,919,0.578617626684193
"719",920,27449746,0.692057797865235,920,0.572297550711062
"720",924,28979677,0.65946708882302,924,0.526692695380527
"721",925,29329834,0.543013483674986,925,0.599501896561213
"722",926,29649742,0.618991894033094,926,0.573748303264965
"723",928,30869590,0.663098171342371,928,0.69287614891702
"724",930,31119827,0.699631359374142,930,0.500253228913153
"725",932,32489834,0.526296477848916,932,0.519256673194291
"726",933,32489866,0.594698035259302,933,0.511074060213559
"727",934,32869808,0.695945758990712,934,0.599819091495176
"728",936,33419626,0.719268113087425,936,0.677929481780585
"729",937,34519809,0.622733926197764,937,0.612064041862914
"730",938,35079602,0.6611371681113,938,0.557375054261139
"731",939,35499946,0.680330681119691,939,0.604066769654699
"732",941,38679713,0.571181045290791,941,0.531161033100503
"733",942,39249767,0.68136126017122,942,0.628143208450594
"734",943,39269851,0.545332433943474,943,0.547829234383526
"735",944,39279924,0.639893913843333,944,0.691240690231412
"736",945,40549840,0.692575040587326,945,0.802689307000308
"737",947,42559965,0.618035563226689,947,0.596171139331335
"738",950,45809866,0.630971308698184,950,0.564825798740224
"739",951,46319846,0.589653997180465,951,0.609000734264998
"740",953,48179755,0.671374713147645,953,0.52394448995465
"741",954,48429907,0.670384357620408,954,0.673159055937737
"742",956,49559641,0.635009033777519,956,0.622756896312569
"743",957,50639616,0.762487956586167,957,0.652632796402815
"744",958,50669657,0.6819716710514,958,0.549411055136839
"745",960,51199835,0.587197942581479,960,0.575751991138904
"746",961,51849807,0.609254301461513,961,0.629086944921111
"747",962,52279824,0.629084854476037,962,0.669140396551028
"748",963,54589520,0.59371102451733,963,0.515319712976038
"749",964,54949636,0.695708656858301,964,0.574229054450437
"750",965,55919816,0.576069507049908,965,0.599881264533137
"751",966,56569927,0.539104456242593,966,0.760065731556143
"752",967,56669958,0.642415302358706,967,0.589338020744697
"753",969,58199854,0.627848776076564,969,0.556380283276804
"754",970,58959780,0.527836535976705,970,0.643354087144179
"755",971,59599958,0.575102955985119,971,0.615063343975808
"756",973,59979982,0.543467351805649,973,0.72014792854454
"757",974,60039707,0.525724660981391,974,0.645872820242799
"758",975,60329807,0.66432337162826,975,0.573452541503375
"759",976,60679980,0.546702323974274,976,0.674164755756233
"760",978,61659986,0.604912826985275,978,0.752333637585588
"761",979,62799731,0.573061700371381,979,0.653426697201017
"762",981,64049949,0.623785158434323,981,0.669129870553832
"763",983,64979914,0.60880511663787,983,0.679708580366255
"764",984,65029545,0.67656889711567,984,0.648900763476228
"765",985,65029956,0.648387423136418,985,0.531092776391576
"766",986,65369922,0.664864591552941,986,0.523051113149479
"767",987,66379971,0.624809705182813,987,0.696845927102851
"768",988,67109912,0.50754866091524,988,0.613071921367252
"769",990,67319647,0.601494151568033,990,0.56351292126457
"770",992,68239997,0.680046070647756,992,0.750136966426061
"771",996,70589922,0.634286597718624,996,0.657687153741665
"772",997,70869780,0.551537241953475,997,0.567440559609297
"773",998,72609891,0.679735960967615,998,0.709209316030807
"774",999,72709931,0.563415736024351,999,0.628355120207425
"775",1000,73649581,0.634702697863739,1000,0.56513266765757
"776",1002,73939814,0.66637526502951,1002,0.571397440759764
"777",1003,74249611,0.579538063493815,1003,0.695544187662961
"778",1004,74469991,0.626356285496756,1004,0.755398529275259
"779",1005,76099948,0.672641637169128,1005,0.718298950045604
"780",1006,77089808,0.652577874117932,1006,0.662783183122589
"781",1007,77839901,0.630523235700179,1007,0.692781853501274
"782",1008,78279826,0.712358410032513,1008,0.583212251683929
"783",1009,78919580,0.593720577603293,1009,0.673427209137494
"784",1011,79479948,0.628858315132397,1011,0.642334878644695
"785",1012,79869845,0.629617063819924,1012,0.678209963122838
"786",1013,80539808,0.565510694504129,1013,0.650506235073546
"787",1014,80769887,0.678220706341998,1014,0.544958718521063
"788",1015,80899687,0.642126656594861,1015,0.608388757493436
"789",1018,82669849,0.628339427583265,1018,0.716213250689117
"790",1019,82849654,0.589728209191601,1019,0.618157803324751
"791",1020,83549946,0.573799066567916,1020,0.621800078632572
"792",1021,83869839,0.700976299400677,1021,0.613580448597909
"793",1022,84089627,0.657995385981555,1022,0.618047606364461
"794",1023,84379915,0.585086324291717,1023,0.610106124000446
"795",1025,85399739,0.630837148299785,1025,0.635626111748286
"796",1026,85489814,0.623878731846739,1026,0.659210526754024
"797",1028,87279899,0.689182001980089,1028,0.650410634526615
"798",1030,87459819,0.557465206161922,1030,0.696660242762652
"799",1031,88149930,0.71128254165553,1031,0.725888410715291
"800",1032,89439828,0.623664944527097,1032,0.608128201671576
"801",1033,89529591,0.632676237384673,1033,0.788494189444858
"802",1034,89959808,0.636840360041251,1034,0.575782484294084
"803",1035,90709724,0.664277242262605,1035,0.747748951338506
"804",1036,91219819,0.563588323628925,1036,0.631999895641577
"805",1038,91649925,0.668268111929053,1038,0.503779264184506
"806",1040,93589979,0.644413986360174,1040,0.851282781626058
"807",1041,93869930,0.599904632170919,1041,0.523999370950274
"808",1044,94569799,0.725287601864867,1044,0.524316977943578
"809",1046,95239946,0.646914044059788,1046,0.653563984958006
"810",1047,95309674,0.722693229580943,1047,0.700747009625304
"811",1048,95499970,0.689174440098397,1048,0.781149575910945
"812",1050,96769555,0.649891511053423,1050,0.57443153067789
"813",1052,96829565,0.59655623309049,1052,0.677526908588622
"814",1053,97179990,0.658561313304917,1053,0.647844928799229
"815",1054,97469953,0.577222793732965,1054,0.512426402529109
"816",1056,99939955,0.635769680388628,1056,0.619835137845779
"817",1058,3029520,0.759090058274618,1058,0.650648183231962
"818",1062,25759842,0.670709400311741,1062,0.674906206639663
"819",1063,35629782,0.541923996298505,1063,0.536998070574039
"820",1064,36599872,0.63604883999629,1064,0.589659919386896
"821",1065,42809735,0.718509977770504,1065,0.51231030907941
"822",1066,48669992,0.650183240403433,1066,0.654713684689516
"823",1067,54949540,0.660611118300526,1067,0.529479730531797
"824",1068,61919896,0.63088081217808,1068,0.763595464352798
"825",1069,62829619,0.667842965963377,1069,0.742654172805007
"826",1070,63509900,0.627207757171096,1070,0.609518382817216
"827",1072,66579988,0.613050068125735,1072,0.61660376966096
"828",1073,66779592,0.627151075169624,1073,0.724746886804572
"829",1074,67229965,0.582858162836061,1074,0.587551381452742
"830",1076,68599655,0.668364222852618,1076,0.552239533425598
"831",1077,77609665,0.599705435043868,1077,0.50897718946932
"832",1078,80479816,0.5967263819591,1078,0.536117207488325
"833",1079,82799808,0.622760185486311,1079,0.695521747326813
"834",1082,97009573,0.62970891505593,1082,0.579814326443028
"835",1084,99869771,0.712775354349086,1084,0.564870678442472
"836",1086,4729534,0.653870830352097,1086,0.598690428446111
"837",1087,6149942,0.580078414615756,1087,0.735060727918999
"838",1088,7919932,0.555349994913178,1088,0.623860622354411
"839",1093,15549904,0.631368045862408,1093,0.593884522144922
"840",1094,15739825,0.618791731699638,1094,0.581358413554971
"841",1095,17339939,0.69450351788111,1095,0.814531995703216
"842",1097,19359578,0.637698260922929,1097,0.538833061686597
"843",1098,20009976,0.64166293015392,1098,0.701036820342277
"844",1099,20179636,0.602266379723326,1099,0.727890435800498
"845",1100,20219866,0.664890643363697,1100,0.597508200624346
"846",1101,30379793,0.636600314039065,1101,0.697539600516889
"847",1102,31069959,0.603236758596772,1102,0.571302843260179
"848",1103,32669761,0.716230972790943,1103,0.503432385118553
"849",1105,37129841,0.5323927082164,1105,0.593309637184771
"850",1106,37809904,0.612046539648245,1106,0.72644070082931
"851",1107,44699716,0.672107898826463,1107,0.56745588357044
"852",1108,44879963,0.673347439639659,1108,0.714874566077613
"853",1109,45079933,0.611529186017385,1109,0.549044390067958
"854",1110,45289949,0.645854822752322,1110,0.679107019717521
"855",1111,45519715,0.596809937206018,1111,0.586892746862874
"856",1113,48029974,0.577193786390232,1113,0.768023440396297
"857",1115,51619805,0.64437740141841,1115,0.619943193486453
"858",1117,54329919,0.613604735143082,1117,0.548558015242604
"859",1118,54339975,0.59846146959839,1118,0.585317388522328
"860",1120,56989607,0.630045675662027,1120,0.684287197140516
"861",1121,57019943,0.705031175020148,1121,0.578894528915596
"862",1123,58919615,0.665195341663157,1123,0.571244873171326
"863",1124,59719854,0.631680250370354,1124,0.549317385068617
"864",1125,62409736,0.60577129646651,1125,0.585285069422126
"865",1126,64079828,0.633414553361145,1126,0.66557479008752
"866",1128,65039971,0.768857995664304,1128,0.568928121851612
"867",1130,71399913,0.649100341119204,1130,0.646396974881168
"868",1131,77629838,0.641599754506824,1131,0.718816838230658
"869",1133,79289768,0.607484754981558,1133,0.61574375264801
"870",1134,81279937,0.657693253362071,1134,0.530356051492681
"871",1136,89199579,0.672233313886384,1136,0.52739293586543
"872",1137,89299629,0.592727951467245,1137,0.607665944031644
"873",1142,97639569,0.578108430113768,1142,0.517123657409593
"874",1144,98679988,0.586157656709804,1144,0.690149562651077
"875",1145,339627,0.577249279200598,1145,0.706801390579209
"876",1150,24099604,0.654595810084509,1150,0.805542346863487
"877",1151,28339832,0.604259733815948,1151,0.596375350957082
"878",1152,30969620,0.544929008462385,1152,0.761528481888169
"879",1155,33329832,0.605652204138283,1155,0.650854760802791
"880",1158,42539880,0.729994485517725,1158,0.548445482350101
"881",1159,44829828,0.674601023632711,1159,0.648458415280621
"882",1160,46489831,0.692045387155766,1160,0.602822993436317
"883",1161,46769985,0.684288567806824,1161,0.632566156168567
"884",1162,47659578,0.629918562484202,1162,0.601367086678192
"885",1163,48249965,0.606051947353793,1163,0.68182277101165
"886",1164,48549881,0.555992617548711,1164,0.514593581085736
"887",1165,48619969,0.670798359651185,1165,0.567702343253017
"888",1166,49159711,0.645107180210689,1166,0.750807884829352
"889",1167,49579835,0.556050190071778,1167,0.734843607140872
"890",1170,57599576,0.691011115935596,1170,0.624921203740465
"891",1171,59619819,0.64875701478241,1171,0.67070369354632
"892",1172,60629976,0.603665744274723,1172,0.766429429873491
"893",1173,63159673,0.616645044971041,1173,0.633704321126136
"894",1174,63539889,0.652271046249377,1174,0.70944140693308
"895",1175,63899694,0.723417487862657,1175,0.601462615168989
"896",1176,64019655,0.662862859392101,1176,0.79886615410632
"897",1177,65509546,0.541320616339229,1177,0.547936807691283
"898",1178,67309958,0.672991133066635,1178,0.653505769922666
"899",1179,70949630,0.579609298932817,1179,0.560162489553311
"900",1182,77539710,0.538166097653367,1182,0.581480308022423
"901",1184,77939826,0.648142747831786,1184,0.539286728398365
"902",1185,78819563,0.624253600888456,1185,0.559645560537496
"903",1187,80509648,0.647554403312939,1187,0.616121182559907
"904",1189,82669531,0.631423871526452,1189,0.639964845940584
"905",1191,86199730,0.603712821596067,1191,0.683130504035183
"906",1192,86539546,0.648456366470203,1192,0.712648672254887
"907",1194,88939693,0.52586677047604,1194,0.641390048576091
"908",1195,93409897,0.567167759632278,1195,0.633593501904433
"909",1196,96909541,0.580504182618589,1196,0.527800206808309
"910",1199,99599996,0.677292774818722,1199,0.68464650245424
"911",1200,29568,0.631554180160364,1200,0.605146669150249
"912",1202,21079546,0.675932773173405,1202,0.645361176575334
"913",1204,34259807,0.61078115050279,1204,0.613595664283003
"914",1206,45769973,0.713929759880677,1206,0.590222773751799
"915",1209,83239808,0.613768750768339,1209,0.671174516477277
"916",1210,94159608,0.622914935371405,1210,0.594322342305972
"917",1211,14379939,0.594597260694403,1211,0.766406895898019
"918",1213,32989638,0.612854213996358,1213,0.741035582224627
"919",1214,35879867,0.646891480554469,1214,0.501949948960398
"920",1216,44989801,0.543927632296487,1216,0.613882915585392
"921",1217,47029730,0.570761916867587,1217,0.53817175350814
"922",1219,68509954,0.574879920667763,1219,0.609619695232061
"923",1220,81149908,0.544459942875438,1220,0.713865880269286
"924",1221,89869626,0.57631926281029,1221,0.673919745735285
"925",1222,94859825,0.559489845794501,1222,0.681071647307568
"926",1223,29909,0.596623959224913,1223,0.673689897990482
"927",1225,7189760,0.626699456009116,1225,0.654733992796424
"928",1226,9949803,0.627671599606333,1226,0.566704693013676
"929",1229,39679904,0.687601889677575,1229,0.56680944165205
"930",1230,41939652,0.688214258858992,1230,0.625962097648174
"931",1233,54839800,0.589511082790353,1233,0.533450439399547
"932",1236,67009556,0.617540091461021,1236,0.629240239957034
"933",1238,76369975,0.640920784838006,1238,0.648885618656125
"934",1239,84059998,0.623958334090936,1239,0.577889605208573
"935",1240,87279960,0.674332461974341,1240,0.51053386271863
"936",1241,90229683,0.56408253047601,1241,0.648311791753553
"937",1242,91119824,0.607278186423668,1242,0.663525988683675
"938",1243,92129893,0.605683999414439,1243,0.614964818073844
"939",1245,709543,0.564145644280591,1245,0.632842235584434
"940",1246,3689815,0.648795599316887,1246,0.60716494697476
"941",1247,4149898,0.588911090981146,1247,0.651606630650285
"942",1248,18019542,0.630854081043286,1248,0.589460153230182
"943",1249,27039629,0.656833010658664,1249,0.711208513491688
"944",1252,43919990,0.673972602821856,1252,0.608319600946249
"945",1254,57949815,0.636328425765399,1254,0.624214706133072
"946",1255,59509843,0.542356862400882,1255,0.502139034559232
"947",1256,66459985,0.65269538716444,1256,0.504698953613173
"948",1257,72419745,0.664428506994588,1257,0.531206496663321
"949",1260,91719646,0.629666805942476,1260,0.658729104830052
"950",1261,93059555,0.57386384017145,1261,0.638390202823235
"951",1263,749639,0.580797733684823,1263,0.550390306060689
"952",1264,2009974,0.600031336125876,1264,0.592507894994849
"953",1265,2909908,0.642957662688802,1265,0.718764807789963
"954",1266,3779918,0.570906592750287,1266,0.576987147258501
"955",1267,7619949,0.563971083419891,1267,0.514999549023234
"956",1268,9209960,0.57949787046437,1268,0.505778917555288
"957",1270,14719985,0.697575481403884,1270,0.529392937669703
"958",1271,16949753,0.641267953754284,1271,0.52580607658334
"959",1272,30279834,0.529689208549409,1272,0.596855028400859
"960",1273,36349611,0.633734305024722,1273,0.816730546150236
"961",1274,48049982,0.535132399014665,1274,0.65223725177452
"962",1276,48479522,0.570648365498766,1276,0.557205703980577
"963",1277,50729606,0.618084325444178,1277,0.511683154156592
"964",1278,55559919,0.707295693171685,1278,0.548862938636346
"965",1279,61839894,0.75895811984791,1279,0.640349905219074
"966",1280,67779997,0.596858461553504,1280,0.532943638201976
"967",1281,71829928,0.602191971045539,1281,0.565559979504296
"968",1283,92609580,0.687068983931722,1283,0.702677622144002
"969",1286,25619933,0.658924769207085,1286,0.508051759199603
"970",1287,27899942,0.713625432809053,1287,0.56194121514277
"971",1288,54489891,0.623190065464722,1288,0.517015264011654
"972",1289,91509855,0.588022762748566,1289,0.672278525122773
"973",1291,50069642,0.542145619260757,1291,0.577011379259782
"974",1292,65649582,0.61925150277425,1292,0.684958683358369
"975",1294,6509998,0.596859140135541,1294,0.651098940047455
"976",1296,17659971,0.571995428637804,1296,0.550668927447421
"977",1297,20139926,0.534339383358688,1297,0.581594145990829
"978",1299,32239576,0.640274522010549,1299,0.658790109292445
"979",1300,35389919,0.564909565370435,1300,0.729907874294435
"980",1302,50629997,0.661383007414995,1302,0.687989967098521
"981",1305,85739554,0.5935142339618,1305,0.600776245101507
"982",1306,2679893,0.576808433685593,1306,0.598875157899259
"983",1308,13559579,0.622648593366133,1308,0.533231434284835
"984",1312,43499795,0.515131871055494,1312,0.68873172681245
"985",1313,52709691,0.640953916554957,1313,0.598537232032388
"986",1314,52809650,0.601517230531658,1314,0.555439014802265
"987",1316,62009827,0.729550270877729,1316,0.592045365365381
"988",1318,12969814,0.614361545230845,1318,0.610858790052651
"989",1319,37589569,0.553080125899276,1319,0.502690077353741
"990",1320,8409818,0.551142517580363,1320,0.506548190375448
"991",1322,72509958,0.634000365565905,1322,0.518068843296409
"992",1323,73979986,0.508354679499949,1323,0.610684350740949
"993",1324,89849952,0.606035637747232,1324,0.510700736476488
"994",1326,7609764,0.556560537110787,1326,0.541598692967776
"995",1327,9739628,0.576395493795578,1327,0.789982114955405
"996",1328,66139812,0.648523221119782,1328,0.750906846009479
"997",1330,11369915,0.629223283251666,1330,0.620290548458006
"998",1331,23689998,0.641556609371479,1331,0.524310854817532
"999",1332,64959795,0.587802726816313,1332,0.514739280333629
"1000",1333,89299811,0.555692676974793,1333,0.535811553649286
"1001",1335,20589880,0.56396128945605,1335,0.502963974898132
"1002",1336,25229808,0.562983691092392,1336,0.525623255121675
"1003",1337,37549587,0.600883307800513,1337,0.615438863412266
"1004",1338,47519536,0.553605916131428,1338,0.575226374939536
"1005",1339,48289855,0.636805236528197,1339,0.667720522678671
"1006",1340,54649817,0.580095350270409,1340,0.601937545894794
"1007",1343,73509796,0.684914216628767,1343,0.729489928517075
"1008",1344,84829936,0.606207482827423,1344,0.54642932276244
"1009",1345,7029899,0.552879239030181,1345,0.637463698902761
"1010",1346,7789800,0.564506658841169,1346,0.545620779134127
"1011",1348,22149556,0.555048682284681,1348,0.582150120971148
"1012",1349,23449859,0.599125812922072,1349,0.529051372441086
"1013",1350,28199726,0.554900791415524,1350,0.620345610177281
"1014",1351,34669973,0.546186728319084,1351,0.652517652519763
"1015",1352,36559554,0.597784053702542,1352,0.588985382290187
"1016",1353,38269885,0.576483126050727,1353,0.548696390312151
"1017",1354,40619813,0.525344279077503,1354,0.57188111851798
"1018",1355,41469903,0.570756957840915,1355,0.757616174118709
"1019",1356,42199812,0.551307226147815,1356,0.526474558078927
"1020",1357,55769927,0.534137164568953,1357,0.708660515953361
"1021",1359,72129899,0.585152050417456,1359,0.70444460609651
"1022",1360,85879755,0.56280047179601,1360,0.506913809160982
"1023",1361,90049797,0.585300238875997,1361,0.700250877566754
"1024",1364,17239998,0.544816070429363,1364,0.632578196685176
"1025",1365,41309992,0.615258507694467,1365,0.514201419960973
"1026",1366,54049814,0.633721126496819,1366,0.657614654645365
"1027",1367,62259660,0.699940407096308,1367,0.626489868644986
"1028",1370,96579842,0.560023004820765,1370,0.646921208643157
"1029",1371,5039894,0.627897571767364,1371,0.667511759918744
"1030",1372,8779954,0.534064426976848,1372,0.533605447123209
"1031",1373,11819644,0.594427912212425,1373,0.835197135287218
"1032",1374,13269913,0.61147692109336,1374,0.59316011844439
"1033",1375,18259955,0.670496731233661,1375,0.669873053827005
"1034",1376,47409833,0.597442299904337,1376,0.636177400164384
"1035",1378,95079770,0.592388231482102,1378,0.804934101047266
"1036",1379,30519968,0.602332033038643,1379,0.529503988180277
"1037",1380,58349654,0.557927441571958,1380,0.728264608926757
"1038",1381,69919605,0.598665199051802,1381,0.662366175737297
"1039",1383,2039621,0.637494585247311,1383,0.655226811347759
"1040",1384,13139550,0.584733509110551,1384,0.57456670224307
"1041",1386,19919796,0.618248612694154,1386,0.677750147828235
"1042",1387,24319826,0.67763887306813,1387,0.616528861054217
"1043",1389,54099615,0.583897193598861,1389,0.59388490315979
"1044",1392,62079928,0.570327180611762,1392,0.724084111278466
"1045",1393,109693,0.533910561537167,1393,0.539354131065017
"1046",1394,3509800,0.646431800874537,1394,0.715477406075878
"1047",1396,19199994,0.647562845506651,1396,0.626787302132956
"1048",1398,37869746,0.57508149311325,1398,0.506071863091117
"1049",1399,39699983,0.671685119718964,1399,0.598338722294713
"1050",1400,45979995,0.651542714887667,1400,0.531649535620998
"1051",1401,47729807,0.680590401578825,1401,0.585390326574356
"1052",1403,53419736,0.585871644650732,1403,0.581446743219439
"1053",1404,59989974,0.603190977221844,1404,0.73965705173404
"1054",1406,61079531,0.63688229926141,1406,0.525302201972776
"1055",1407,61719826,0.651992052664013,1407,0.610208561063165
"1056",1409,72579576,0.666396413819335,1409,0.574468078652623
"1057",1412,94639997,0.609801180853468,1412,0.694463964063396
"1058",1413,96229536,0.601481513949124,1413,0.586864678335901
"1059",1414,2719577,0.649635657506243,1414,0.660094999002768
"1060",1417,13669920,0.623398514560275,1417,0.722867761855183
"1061",1418,19369626,0.622106102442436,1418,0.746262840891716
"1062",1419,21159531,0.628187598806734,1419,0.679327824894317
"1063",1421,24809907,0.579360220423934,1421,0.55723317975851
"1064",1423,29779654,0.595388787182618,1423,0.540007892096362
"1065",1424,30219921,0.680073069514126,1424,0.554956076266358
"1066",1425,30349561,0.607337840265349,1425,0.627767509311561
"1067",1426,32329957,0.609453656961043,1426,0.638710778138248
"1068",1428,38519883,0.593162150351558,1428,0.710060439883678
"1069",1429,41919552,0.595820952524264,1429,0.568519771363479
"1070",1430,46179611,0.652306967995471,1430,0.73185374844153
"1071",1431,51369561,0.617953036975014,1431,0.530269781133853
"1072",1434,60839618,0.664268073281894,1434,0.742281931812963
"1073",1436,76079978,0.642227664155249,1436,0.563949049696379
"1074",1438,86979906,0.627321513673835,1438,0.760700696574636
"1075",1440,99959807,0.666809390288987,1440,0.566044531503247
"1076",1441,989587,0.666925003033372,1441,0.576192744818438
"1077",1442,1849794,0.658704956590215,1442,0.533984392387223
"1078",1443,2089806,0.569751469929906,1443,0.820473279847743
"1079",1444,2499933,0.679642573038345,1444,0.526136860714314
"1080",1446,6759673,0.554841399107695,1446,0.665886322957545
"1081",1448,11349754,0.647624160277147,1448,0.521042299054815
"1082",1450,14109606,0.540034740819555,1450,0.728772215093971
"1083",1453,16439955,0.619379871001279,1453,0.619356732584214
"1084",1454,16979906,0.585372945984053,1454,0.692697964645645
"1085",1458,22009953,0.604081099778065,1458,0.580172338291624
"1086",1461,28219577,0.623017418074049,1461,0.588698196942472
"1087",1465,31199832,0.664127828308594,1465,0.596126333617687
"1088",1466,34159622,0.602421005666989,1466,0.531195576899379
"1089",1467,35159813,0.65214284683974,1467,0.572688409288121
"1090",1469,42879651,0.561563373408213,1469,0.721640451346991
"1091",1470,42909650,0.578803946490929,1470,0.753123941223241
"1092",1471,42939627,0.526974257368183,1471,0.502311750803828
"1093",1472,45539850,0.666632923811577,1472,0.694505693538692
"1094",1474,55779990,0.637110119353921,1474,0.676289117622382
"1095",1475,57919773,0.686566256370778,1475,0.6014634253784
"1096",1476,58439884,0.641039874033724,1476,0.673167928175646
"1097",1477,58889636,0.520744219544332,1477,0.658182868086018
"1098",1478,60789968,0.619525223383635,1478,0.602404031959775
"1099",1479,61129655,0.620869542476333,1479,0.673088372404847
"1100",1482,63869936,0.567638406346082,1482,0.618262914181556
"1101",1484,67499957,0.655788326884864,1484,0.571247790249647
"1102",1485,67609874,0.557327418658295,1485,0.545056407722168
"1103",1488,79999567,0.62186382862743,1488,0.580614432706513
"1104",1489,80089949,0.588112195066824,1489,0.662582678330519
"1105",1491,80919996,0.629617942207531,1491,0.667323458100303
"1106",1492,84859558,0.701737831222554,1492,0.502703438185931
"1107",1495,89509969,0.614967199339434,1495,0.603512027745422
"1108",1496,89989770,0.641550590986646,1496,0.57136795988784
"1109",1497,90219881,0.582164160652929,1497,0.515722178941348
"1110",1501,96529749,0.628913995731456,1501,0.534413872432765
"1111",1502,98909970,0.642775933052518,1502,0.648777461231703
"1112",1503,2569933,0.588125715897564,1503,0.671985497627916
"1113",1504,29089734,0.657805551736409,1504,0.553225541938933
"1114",1506,36659834,0.530889485908108,1506,0.574465977000679
"1115",1507,42409790,0.574932142334225,1507,0.568339043655117
"1116",1508,50759830,0.545840062593903,1508,0.522869166658217
"1117",1509,52039819,0.560110492061922,1509,0.569057287221057
"1118",1510,65929545,0.581669005345042,1510,0.671393435557072
"1119",1511,289996,0.71626066143747,1511,0.571050455211739
"1120",1512,9499978,0.621128731681961,1512,0.568934174992252
"1121",1513,18149540,0.788277155989796,1513,0.681990876373594
"1122",1514,21369794,0.724578171861292,1514,0.516645067827858
"1123",1516,35929982,0.535530168904485,1516,0.583611781747329
"1124",1518,45229831,0.634733324690251,1518,0.619675408344683
"1125",1519,80089936,0.551675228005855,1519,0.576461265371839
"1126",1521,91059640,0.639440206926386,1521,0.591893745617518
"1127",1522,98729746,0.678131761409548,1522,0.608675103959257
"1128",1523,869947,0.631865627637609,1523,0.549772790351623
"1129",1524,2389981,0.67269094944702,1524,0.518599558231501
"1130",1526,10179820,0.601968283077702,1526,0.684592415390665
"1131",1527,31969970,0.512332086411082,1527,0.511522397281436
"1132",1528,37059708,0.598498508721841,1528,0.574662452308503
"1133",1529,48829987,0.643532031223637,1529,0.552913819142303
"1134",1531,55849949,0.649888335439432,1531,0.59696801830328
"1135",1532,67249587,0.587522759517447,1532,0.527627392002495
"1136",1533,72349555,0.528502863055026,1533,0.506597386044893
"1137",1535,88819634,0.529265494518778,1535,0.672192108664961
"1138",1536,91019566,0.662727129354795,1536,0.641786138445992
"1139",1537,9289880,0.676582260233409,1537,0.747322664842398
"1140",1539,9879865,0.683881650879673,1539,0.672752762203557
"1141",1544,31469834,0.572238640140541,1544,0.50024508588607
"1142",1545,41009992,0.665437158905328,1545,0.69337526335938
"1143",1546,53769798,0.610820453233469,1546,0.607439738148145
"1144",1547,60829822,0.652444475296936,1547,0.750684693479234
"1145",1548,69489826,0.580379735392137,1548,0.566394501054844
"1146",1550,79829813,0.6225058881905,1550,0.628200670504406
"1147",1551,83159986,0.518278401199816,1551,0.539432439720355
"1148",1553,86629822,0.598446697057991,1553,0.677623043051887
"1149",1554,91709522,0.721669270627358,1554,0.563877433489326
"1150",1555,97659571,0.601197267433802,1555,0.647039008432569
"1151",1556,6019835,0.533449740561949,1556,0.585870551460181
"1152",1557,33369963,0.639308775184559,1557,0.663892484107156
"1153",1562,85909956,0.667689091603795,1562,0.66736111193454
"1154",1563,9829989,0.632722809537022,1563,0.557762665205056
"1155",1565,18239884,0.592921266714969,1565,0.620580999192723
"1156",1568,32829816,0.569320692279617,1568,0.511499611968102
"1157",1569,39529828,0.614835716839251,1569,0.512813638980059
"1158",1570,54809974,0.697353596584305,1570,0.55491525887537
"1159",1571,58489985,0.567058315602012,1571,0.585920743266204
"1160",1572,63569918,0.589414521445472,1572,0.732171440242303
"1161",1573,65259829,0.672410480957948,1573,0.713867616895081
"1162",1574,65609656,0.648789109679275,1574,0.524671106151525
"1163",1576,72679677,0.615562407338654,1576,0.639652563136943
"1164",1578,75939806,0.663182704427488,1578,0.61601490127507
"1165",1581,84929943,0.540129102457709,1581,0.618361725858773
"1166",1582,7489632,0.673588781878179,1582,0.635504787473193
"1167",1583,8229636,0.640093220571705,1583,0.600135985848863
"1168",1584,15009953,0.589555755722588,1584,0.591637994314494
"1169",1585,41659638,0.610093204417654,1585,0.574952912604942
"1170",1586,58939977,0.705467528895838,1586,0.678918310013711
"1171",1587,71819962,0.587039556970033,1587,0.615643578528269
"1172",1589,3269902,0.619189942685123,1589,0.624321221983942
"1173",1592,53679928,0.616046757970585,1592,0.654208054613367
"1174",1594,63149599,0.626673768628871,1594,0.575833471839095
"1175",1599,98199541,0.555936417394918,1599,0.574637671982669
"1176",1601,26769833,0.626142192214477,1601,0.660861425583046
"1177",1602,53759799,0.589411027173568,1602,0.680481111526624
"1178",1604,91769669,0.614975914740632,1604,0.521351888700856
"1179",1608,15629812,0.547605732896299,1608,0.663600038507489
"1180",1610,29759594,0.6224336077905,1610,0.566988677892358
"1181",1612,36259638,0.56561213705382,1612,0.613000963756887
"1182",1613,40309538,0.64573832874078,1613,0.676356020878321
"1183",1614,45729819,0.630635332264772,1614,0.51940262112104
"1184",1615,48009606,0.543403241182976,1615,0.551565113583642
"1185",1616,51719995,0.637148289156311,1616,0.600273598054178
"1186",1618,67379981,0.622115800135219,1618,0.69121161189355
"1187",1619,68749573,0.57142557108366,1619,0.531956823841364
"1188",1620,74209587,0.722127427750276,1620,0.669501994312271
"1189",1622,83089666,0.618712090462924,1622,0.781684059603205
"1190",1623,83359599,0.632784595908473,1623,0.653917025776568
"1191",1624,87919977,0.606388294615139,1624,0.535225072965293
"1192",1625,90419902,0.614254608759532,1625,0.657413303410053
"1193",1626,94869963,0.562780609272991,1626,0.645072262329649
"1194",1627,99569587,0.615459326222457,1627,0.660936162720676
"1195",1629,28149580,0.600299029331276,1629,0.659200682995359
"1196",1630,28939820,0.68986568530904,1630,0.564309696422007
"1197",1632,51999637,0.592166045974913,1632,0.578986066221712
"1198",1633,58199914,0.585788584735072,1633,0.52339470429278
"1199",1634,73819979,0.590912871520747,1634,0.582124723168911
"1200",1637,96479520,0.669666103952647,1637,0.614292110291125
"1201",1638,9829737,0.642961594795036,1638,0.581679185958786
"1202",1639,47199967,0.558858843238302,1639,0.608510072481508
"1203",1640,60669998,0.613226451442352,1640,0.557397000224505
"1204",1641,79609857,0.598108044432681,1641,0.584536452688085
"1205",1642,83379817,0.594836140108669,1642,0.573415172682626
"1206",1643,85799976,0.664535565654606,1643,0.532348281217628
"1207",1644,42949598,0.503124271812088,1644,0.563632458129838
"1208",1645,59329765,0.746155810666368,1645,0.71462552175295
"1209",1646,70599976,0.651946011847498,1646,0.596782889537336
"1210",1647,71179542,0.670887975189818,1647,0.550694586062095
"1211",1648,16419607,0.597853821008078,1648,0.681488246422457
"1212",1649,21079559,0.600597313710787,1649,0.598482778957052
"1213",1650,30079766,0.569181240112163,1650,0.547174537414865
"1214",1651,4579768,0.694272024352325,1651,0.559963998175629
"1215",1652,12999970,0.66746956647157,1652,0.54220228081352
"1216",1654,61179722,0.697525149086821,1654,0.627233404176992
"1217",1655,96059734,0.630034882551203,1655,0.633946430366416
"1218",1657,98989959,0.550680528757303,1657,0.621346255524203
"1219",1658,11609958,0.582355010968503,1658,0.519052807664922
"1220",1659,14549700,0.576083209948666,1659,0.704623505448538
"1221",1660,25089819,0.575718622454661,1660,0.596987258589584
"1222",1662,83659994,0.6922132444232,1662,0.566799083490926
"1223",1663,67809958,0.683410178552928,1663,0.795504282526253
"1224",1664,86569519,0.6441841792617,1664,0.56077837312667
"1225",1666,8749884,0.510167859738632,1666,0.8327942472867
"1226",1667,37109806,0.631822051337119,1667,0.574940534200486
"1227",1668,74569796,0.608672704230072,1668,0.594616746976161
"1228",1669,89029528,0.736853468950608,1669,0.615708358797183
"1229",1671,22729979,0.607742511837846,1671,0.577777777121969
"1230",1673,36499864,0.668739086200262,1673,0.501315167340695
"1231",1675,73859552,0.634785710137458,1676,0.551442099109315
"1232",1678,10229970,0.561665924037139,1681,0.525290185627803
"1233",1680,54299912,0.655955754549708,1685,0.638936732684266
"1234",1682,81529778,0.646750120836787,1688,0.556507582055788
"1235",1685,47899869,0.573436190673054,1696,0.71726342699663
"1236",1686,89249865,0.554582736921886,1679,0.656310829684408
"1237",1687,82499585,0.681377695197468,1698,0.632611514609803
"1238",1689,26389660,0.671468009504823,1700,0.612970094441033
"1239",1693,9829953,0.646400135459428,1705,0.638008198747902
"1240",1694,27609569,0.716027387481214,1706,0.72816833315458
"1241",1695,38039576,0.679012007006068,1707,0.518874908877653
"1242",1696,50369772,0.633154150864448,1708,0.649723717221413
"1243",1699,78919950,0.56283132573119,1687,0.501220885314239
"1244",1701,28689816,0.577227836211009,1718,0.646175655511497
"1245",1702,83619996,0.651375558418874,1721,0.549364549353025
"1246",1704,23009913,0.630577443788684,1714,0.68853808269907
"1247",1705,48379629,0.652734584620865,1724,0.584413475218907
"1248",1706,77429921,0.610136637896634,1710,0.502549088785592
"1249",1707,13489682,0.591709558191254,1727,0.754500556810149
"1250",1710,88899548,0.653288714011629,1730,0.653617745808588
"1251",1712,48009896,0.692722308468497,1732,0.619382816631964
"1252",1715,22799572,0.610293570771582,1736,0.671162517559508
"1253",1716,38169913,0.630041463400141,1737,0.608044699740242
"1254",1719,49939636,0.59984611270062,1742,0.659715210288648
"1255",1720,52319807,0.593798665726749,1743,0.599270315942847
"1256",1722,80099819,0.647713628136637,1746,0.53186055476343
"1257",1723,82309911,0.697751794212409,1747,0.572781665705154
"1258",1724,89339811,0.608940658924751,1748,0.681300659993743
"1259",1725,92359694,0.585674244085896,1749,0.668901027924993
"1260",1727,58039870,0.55042926305568,1753,0.66782504308949
"1261",1728,67659643,0.641542309870959,1744,0.513918435599178
"1262",1732,19039659,0.625900160971219,1735,0.686710097467966
"1263",1734,54339683,0.760048131210465,1759,0.544287862146041
"1264",1735,29519813,0.598986694129332,1761,0.621969211534982
"1265",1737,85399668,0.531641345216988,1763,0.576664469445127
"1266",1739,20919822,0.601745174082229,1767,0.504617814248592
"1267",1742,91939904,0.576279798653531,1691,0.555753593085829
"1268",1743,70759790,0.706853339708564,1769,0.511560078216479
"1269",1744,24259591,0.625602638705785,1765,0.59204717247992
"1270",1747,83299721,0.656930049233806,1695,0.511882883200654
"1271",1749,18239665,0.555372816055354,1775,0.506208799133616
"1272",1750,87119995,0.527559445686649,1774,0.553761455313117
"1273",1751,1049570,0.524679574218269,1776,0.609862830344714
"1274",1753,23959919,0.650087967571158,1780,0.581837791954426
"1275",1756,79069979,0.639316813901952,1782,0.648631444096947
"1276",1757,48209978,0.552343139739681,1783,0.623512638511456
"1277",1758,39409698,0.577018744714315,1716,0.601738851818372
"1278",1759,60589972,0.71213391755237,1784,0.787405455115527
"1279",1761,61999562,0.556908011394054,1675,0.528372471483825
"1280",1762,90909890,0.587067678541622,1786,0.595726226222167
"1281",1764,26389911,0.625787131763825,1779,0.564872663574884
"1282",1766,35909717,0.626141512967293,1757,0.62475997979667
"1283",1767,11999871,0.520510473965285,1791,0.699818325890487
"1284",1768,19349984,0.588975354697305,1792,0.573382573764664
"1285",1769,72029993,0.62520176609117,1795,0.602869935123189
"1286",1770,93199828,0.639847118262861,1796,0.53279873923778
"1287",1771,68289745,0.570167003586919,1797,0.51145706865019
"1288",1773,26249568,0.679753935440249,1772,0.501332957295857
"1289",1774,58279550,0.698488954968331,1693,0.509347974816086
"1290",1775,3759797,0.789685249010533,1801,0.622866680483332
"1291",1776,63329930,0.657369199854179,1803,0.602698262987961
"1292",1777,88659885,0.681924528187424,1804,0.563376122314805
"1293",1778,13719671,0.573240174568398,1807,0.515859858806912
"1294",1779,31929673,0.534441816965416,1809,0.767981910120384
"1295",1781,87319727,0.605745871728273,1771,0.643110111094073
"1296",1785,48669585,0.558438509761742,1793,0.658545683840597
"1297",1787,69389918,0.661154799540851,1790,0.649524876685186
"1298",1788,94079555,0.598827882818928,1815,0.596122686327352
"1299",1791,89999796,0.661720150704688,1683,0.651703566469384
"1300",1792,10149644,0.691860019732876,1821,0.572699238044934
"1301",1793,14719635,0.534077848588359,1689,0.741413859375604
"1302",1794,55059561,0.598142211192156,1823,0.569241212414265
"1303",1797,28979791,0.562510841020156,1812,0.643588818791488
"1304",1801,39679584,0.654505509702627,1829,0.534736003421993
"1305",1804,42789967,0.651378261895192,1805,0.669957632575385
"1306",1805,51509611,0.761624345334813,1813,0.535363845536735
"1307",1807,90779667,0.642985951238192,1814,0.638332978094233
"1308",1808,94859847,0.66673849898528,1834,0.513581962245824
"1309",1810,10709970,0.673248617940258,1837,0.707168334838895
"1310",1812,38729898,0.669655720150526,1738,0.514583853463825
"1311",1813,63709996,0.654805826924614,1794,0.523938241941323
"1312",1814,76579907,0.624127545190165,1838,0.716881462583805
"1313",1815,93009725,0.686925984985533,1822,0.680782588550212
"1314",1816,95309925,0.713013132418332,1839,0.559297473364489
"1315",1818,99899820,0.561684499391321,1820,0.599422528410287
"1316",1819,21269988,0.537853336217824,1841,0.569629107539641
"1317",1820,24319961,0.563852007905345,1723,0.623169424694946
"1318",1822,56419772,0.616174813721256,1725,0.608466021697547
"1319",1823,61319998,0.558630856747929,1845,0.585655282207785
"1320",1825,67129945,0.698546810932069,1847,0.542330665872573
"1321",1830,76539937,0.673285310961896,1677,0.615851655713096
"1322",1831,42509936,0.666164502019198,1760,0.569416168786103
"1323",1833,7859980,0.581149624009657,1825,0.662491248983816
"1324",1838,60049963,0.624109266774603,1858,0.550888690400244
"1325",1841,1369576,0.584073922219569,1862,0.525739205524421
"1326",1847,80539880,0.64555503929891,1866,0.638405694814249
"1327",1851,21609771,0.704231973267387,1869,0.502918973615622
"1328",1852,16430000,0.602656151919651,1850,0.504181251184012
"1329",1853,19469766,0.812031382817788,1870,0.727513408405437
"1330",1854,38279998,0.602701595853066,1828,0.580011143354065
"1331",1855,15979510,0.614419337417931,1871,0.648834586200115
"1332",1859,53449605,0.688458366792085,1877,0.541182618307748
"1333",1865,58769773,0.639295565812303,1883,0.578786079829793
"1334",1866,70089938,0.798162269767592,1835,0.59823226829687
"1335",1867,57769613,0.661186769339313,1884,0.501666747447857
"1336",1873,24699548,0.612022506657783,1888,0.622761279237333
"1337",1874,15409904,0.678129058777258,1857,0.531847133770817
"1338",1875,67049638,0.59193219686404,1851,0.61376225439858
"1339",1876,34589796,0.59516263344736,1701,0.54454400958541
"1340",1877,45419827,0.575814278688872,1890,0.551911031933722
"1341",1878,18539776,0.617390221302598,1881,0.673081952413605
"1342",1880,33259651,0.525838882995059,1800,0.583376804312953
"1343",1881,45369949,0.612841271520178,1891,0.698833338160993
"1344",1882,38719830,0.546222844015179,1788,0.658730602097048
"1345",1883,56229619,0.660678993936262,1717,0.643359885013432
"1346",1889,96049681,0.600266312893931,1756,0.587929168465888
"1347",1893,20679895,0.580441247687207,1818,0.661809637323536
"1348",1896,9599639,0.713973645185664,1897,0.590437963178321
